primary_keyword,secondary_keywords,page_type,pillar,cluster,route,translation_key,volume,kd,intent,status,notes
mae hong son thailand,"thailand mae hong son,wat te doen in mae hong son,mae hong son route,mae hong son beste reistijd,hoe kom je in mae hong son,hoeveel dagen mae hong son,mae hong son of pai,mae hong son zonder scooter,mae hong son loop,ban rak thai,pang ung,tham lod",pillar,mae-hong-son,overzicht,/nl/city/mae-hong-son/,city-mae-hong-son,110,0,informational,implemented,DFS cluster met 12 bruikbare keywordrecords en 50 domeinen tien live Nederlandse SERP's zes directe locatie-PAA plus route-PAA nul rankings en nul backlinks onderzocht 2026-07-24. Zes Nederlandse concurrenten en officiële TAT Department of Airports TMD Air4Thai en NederlandWereldwijd-bronnen onderzocht. Premium destination-owner met expliciete stad-provincie-Loop-scheiding Nong Chong Kham Doi Kong Mu Ban Rak Thai Pang Ung en Tham Lod-route vijf nieuwe plaatsgebonden assets auto-chauffeur-openbaar-vervoer-motorbeslissing respectvolle communitytaal en actuele vlucht-weer-PM2.5-checks; 2911 gerenderde hoofdcontentwoorden desktop 1440 en mobiel 390 px canonical schema affiliate interne-link image overflow en FAQ-readability-QA groen
ban krut thailand,"ban krut beach,wat te doen in ban krut,waar ligt ban krut,ban krut restaurants,ban krut thailand map,hua hin to ban krut,ban krut of hua hin,ban krut strand,wat thang sai,thang sai beach,bang saphan",pillar,ban-krut,overzicht,/nl/city/ban-krut/,city-ban-krut,170,0,informational,implemented,DFS cluster met 6 bruikbare keywordrecords 34 domeinen negen live Nederlandse SERP's twee directe Ban Krut-PAA plus twee echte gerelateerde PAA rankings en backlinks voor NL city en overlappende NL blog beide nul onderzocht 2026-07-24. Vijf concurrentieparses plus officiële TAT SRT TMD en NederlandWereldwijd-bronnen onderzocht. NL city wordt owner met centrale strandzone Khao Thong Chai Thang Sai en afzonderlijke Bang Saphan-kustdag; NL blog permanent geconsolideerd zonder het beschermde Engelse artikel te wijzigen. Premium destination-template 2860 gerenderde hoofdcontentwoorden vijf nieuwe plaatsgebonden assets en expliciete trein-last-mile zeeconditie allergie- en religieuze etiquettechecks; desktop 1440 en mobiel 390 px canonical schema redirect affiliate image overflow en FAQ-readability-QA groen
khon kaen thailand,"khon kaen,khon kaen thailand wat te doen,is khon kaen de moeite waard,waar staat khon kaen om bekend,khon kaen eten,bueng kaen nakhon,wat nong wang,sri chan,kangsadan,phu wiang,chonnabot",pillar,khon-kaen,overzicht,/nl/city/khon-kaen/,city-khon-kaen,170,10,informational,implemented,DFS cluster met 66 ruwe records 50 competitor domains vijf live Nederlandse SERP's zes echte locatie bezoekwaardigheids food veiligheids- en klimaat-PAA nul rankings en nul backlinks voor canonical en legacy onderzocht 2026-07-24; Den Haag Hat Yai Udon Thani Japan en generieke Thailand-ruis uitgesloten. Zes concurrenten plus officiële TAT CEA DMR MICHELIN TMD en NederlandWereldwijd-bronnen onderzocht. Premium owner met expliciete stad-provinciescheiding Bueng Kaen Nakhon Sri Chan Kangsadan en Phu Wiang-of-zijderoute vijf nieuwe plaatsgebonden assets en 2684 gerenderde woorden; desktop schema affiliate interne-link image overflow en FAQ-readability-QA groen op gedeeld mobiel-gevalideerd destination-template
khao sok,"khao sok thailand,khao sok national park,nationaal park khao sok,thailand khao sok,is khao sok de moeite waard,hoeveel dagen khao sok,khao sok tips,cheow lan lake",pillar,khao-sok,overzicht,/nl/city/khao-sok/,city-khao-sok,9900,0,informational,implementing,DFS cluster met 242 keywords en 50 domeincompetitors twee live SERPs twaalf echte PAA drie concurrentieparses rankings en backlinkcheck 2026-07-24; nieuwe destination-owner met expliciete Khlong Sok-versus-Cheow Lan-split driedaagse west-oostroute officiële parkbronnen en vier unieke assets. Desktop mobiele schema affiliate image en canonical-hreflang-QA groen; EN-basisroute toegevoegd maar inhoudelijk nog niet herbouwd
hotels khao sok,"khao sok hotels,hotels in khao sok,khao sok overnachten,waar verblijven khao sok,khao sok floating bungalows,khao sok slapen op het water,boomhut khao sok,raft house khao sok",commercial-spoke,khao-sok,verblijf,/nl/best-hotels/khao-sok/,city-khao-sok-hotels,260,0,commercial,implementing,DFS cluster met 114 keywords twee live SERPs zes echte PAA vier concurrentieparses rankings en backlinkcheck 2026-07-24; NL-only owner met zes verblijfsvormen zes officiële accommodatievoorbeelden raft-housepakketcheck split-staylogica drie nieuwe plus vier gedeelde Khao Sok-assets en Trip.com. Desktop mobiele schema affiliate image en canonical-QA groen; EN-owner volgt pas na zelfstandige Engelse research
wat te doen in khao sok,"khao sok tours,khao sok tour,khao sok activiteiten,khao sok bezienswaardigheden,khao sok jungle tour,khao sok lake tour,khao sok tour met overnachting,cheow lan lake tour",subpillar,khao-sok,bezienswaardigheden,/nl/city/khao-sok/attractions/,city-khao-sok-attractions,70,0,informational,implementing,DFS twee clusters met 133 records twee live SERPs vijf echte PAA vier concurrentieparses rankings en backlinkcheck 2026-07-24; owner met acht keuzes dorp-versus-meerlogica driedaagse west-oostroute gids- en seizoensafwegingen twee nieuwe plus vijf gedeelde Khao Sok-assets en Klook; desktop 1440 en mobiel 390 px browser-QA groen. EN-owner volgt na zelfstandige Engelse research
koh tao,"koh tao thailand,koh tao vakantie,koh tao island,is koh tao de moeite waard,hoeveel dagen koh tao,koh tao veilig,hoe kom je naar koh tao",pillar,koh-tao,overzicht,/nl/islands/koh-tao/,island-koh-tao,9900,0,informational,implementing,DFS twee clusters met 404 records drie live SERPs achttien echte PAA drie concurrentieparses rankings en backlinkcheck 2026-07-24; premium owner met vier verblijfszones keuzehulp duikschoolveiligheid ferrylogica vierdaagse route genuanceerde veiligheidstekst drie unieke assets en drie contextueel hergebruikte beelden. Activiteiten duiken en snorkelen zijn afgesplitst naar eigen childowners; EN-route blijft ongewijzigd tot zelfstandige Engelse research
koh samui,"koh samui thailand,thailand koh samui,koh samui vakantie,vakantie koh samui,koh samui tips,is koh samui de moeite waard,is koh samui duur",pillar,koh-samui,overzicht,/nl/city/koh-samui/,city-koh-samui,18100,0,informational,implementing,DFS drie clusters met 307 keywords en 50 domeincompetitors twee live SERPs tien echte PAA vijf concurrentieparses rankings en backlinkchecks 2026-07-24; datagedreven bestemmingspillar met vier eigen assets vijf kustkeuzes vierdaagse route Golfmoesson vervoer- en budgettrade-offs. Desktop mobiele schema affiliate en hreflang-QA groen; EN blijft onaangeroerd
wat te doen op koh samui,"koh samui bezienswaardigheden,bezienswaardigheden koh samui,wat moet je echt doen op koh samui,activiteiten koh samui,snorkelen koh samui,mooiste stranden koh samui,koh samui met kinderen",subpillar,koh-samui,bezienswaardigheden,/nl/city/koh-samui/attractions/,city-koh-samui-attractions,390,0,informational,implementing,DFS twee clusters twee live SERPs elf echte PAA drie concurrentieparses rankings en backlinkchecks 2026-07-24; datagedreven owner met acht redactionele keuzes driedaagse zone-route dierenwelzijn en drie nieuwe plus vier gedeelde Koh Samui-assets. Desktop mobiele schema affiliate image en interne-link-QA groen; EN blijft onaangeroerd
weer koh samui,"koh samui weer,weer op koh samui,het weer in koh samui,beste reistijd koh samui,koh samui regenseizoen,weer koh samui juli,weer koh samui augustus,weer koh samui november",subpillar,koh-samui,weer,/nl/city/koh-samui/weather/,city-koh-samui-weather,1300,0,informational,implementing,DFS twee clusters met 182 keywords twee live SERPs twaalf echte PAA drie concurrentieparses rankings en backlinkcheck 2026-07-24; owner met officiële TMD-normalen station 48550 maanddata Golf-versus-Andamanbeslissing flexibele drielaagse planning drie nieuwe assets en Amazon-paklijst. Desktop mobiele schema affiliate image en canonical-hreflang-QA groen; EN blijft onaangeroerd
hotels koh samui,"koh samui hotels,waar verblijven koh samui,beste hotels koh samui,chaweng beach hotels,lamai beach hotels,bophut hotels koh samui,waar kun je het beste zitten op koh samui",commercial-spoke,koh-samui,hotels,/nl/best-hotels/koh-samui/,city-koh-samui-hotels,390,0,commercial,implementing,DFS twee clusters met 338 keywords twee live SERPs elf echte PAA drie concurrentieparses rankings en backlinkcheck 2026-07-24; owner met zes kustkeuzes en trade-offs zes officiële hotelvoorbeelden split-staylogica zes nieuwe plus één gedeelde gebiedsasset en Trip.com. Desktop mobiele schema affiliate image en canonical-hreflang-QA groen; EN blijft onaangeroerd
thailand elite visa,"elite visa thailand,thailand privilege,thailand privilege card,elite visum thailand,thailand elite visa cost,thailand elite visa requirements",practical-spoke,thailand,thailand-privilege,/nl/visa/thailand-elite-visa/,thailand-privilege-card,50,74,informational,implementing,DFS drie keywordsets twee live SERPs negen echte PAA vier concurrentieparses rankings en backlinkchecks 2026-07-24; owner herbouwd met twee eigen assets interactieve vijf-tiercalculator prijs per basisjaar PE-stempelklok operationele 90-dagen- en verlengingsregels plus officiële aanvraagfee en voorwaarden. EN blijft onaangeroerd
ltr visa thailand,"thailand ltr visa,long term resident visa thailand,ltr visum thailand,ltr digital nomad,ltr wealthy pensioner,ltr highly skilled professional",practical-spoke,thailand,ltr-visum,/nl/visa/ltr-visa/,thailand-ltr-visa,40,,informational,implementing,DFS drie keywordsets twee live SERPs twaalf echte PAA vier concurrentieparses rankings en backlinkchecks 2026-07-24; owner herbouwd met twee eigen assets interactieve LTR-W LTR-P LTR-T LTR-H-routekeuze 5+5-jaarstructuur BOI-eerst aanvraagflow en actuele BOI- en Haagse tariefbronnen. EN blijft onaangeroerd
bangkok,"bangkok in thailand,bangkok thailand,bangkok of thailand,bangkok tips,is bangkok onveilig,wat moet je zeker doen in bangkok",pillar,bangkok,overzicht,/nl/city/bangkok/,city-bangkok,33100,3,informational,implementing,DFS cluster live SERP echte PAA top-drie concurrentieparse rankings en backlinkcheck 2026-07-23; bestaande ranking blijft op dezelfde URL. Datagedreven bestemmingspillar met vijf stadszones vierdaagse route vier eigen assets officiële bronnen en gescheiden contentownership; desktop mobiele schema affiliate en interne-link-QA groen
krabi thailand,"krabi tips,krabi thailand tips,ao nang krabi,krabi stad,is krabi een eiland,waar ligt krabi in thailand,hoeveel dagen krabi",pillar,krabi,overzicht,/nl/city/krabi/,city-krabi,6600,0,informational,implementing,DFS cluster 2026-07-22; brede bestemmingsintentie. Metadata H1 architectuur FAQ schema en interne links geïmplementeerd; Nederlandse eindredactie van overgebleven datacopy volgt. Activiteiten verblijf en weer alleen samenvatten en doorlinken naar hun eigen subpillars
phuket,"phuket thailand,thailand phuket,phuket island,phuket eiland,phuket stad,waar ligt phuket,phuket tips,is phuket de moeite waard",pillar,phuket,overzicht,/nl/city/phuket/,city-phuket,14800,,informational,implementing,DFS cluster live SERP echte PAA topconcurrenten rankings en backlinkcheck 2026-07-23; zeven bestaande rankings behouden op dezelfde URL. Datagedreven NL-pillar met vier eigen assets, zonekeuze, vierdaagse route, officiële bronnen en desktop- en mobiele QA groen
chiang mai,"chiang mai thailand,thailand chiang mai,chiang mai tips,is chiang mai de moeite waard,hoeveel dagen chiang mai,wat moet je doen in chiang mai",pillar,chiang-mai,overzicht,/nl/city/chiang-mai/,city-chiang-mai,14800,4,informational,implementing,DFS cluster met 306 keywords vier live SERPs echte PAA vier concurrentieparses rankings en backlinkcheck 2026-07-23; bestaande owner-URL en rankings blijven behouden. Datagedreven NL-pillar met vijf stadszones vierdaagse route vier eigen assets en expliciete scheiding tussen stad en provincie
krabi bezienswaardigheden,"wat te doen in krabi,wat te doen krabi,activiteiten krabi",subpillar,krabi,bezienswaardigheden,/nl/city/krabi/attractions/,city-krabi-attractions,70,0,informational,implementing,DFS SERP/PAA vernieuwd 2026-07-23 met 6 letterlijke PAA-vragen en concurrentanalyse; eigen NL-design en contentstructuur geïmplementeerd; desktop 1440 en mobiel 390 px browser-QA groen op 2026-07-24
wat te doen phuket,"phuket wat te doen,phuket bezienswaardigheden,bezienswaardigheden phuket,activiteiten phuket",subpillar,phuket,bezienswaardigheden,/nl/city/phuket/attractions/,city-phuket-attractions,390,0,informational,implementing,DFS cluster SERP PAA concurrentieparse rankings en backlinkcheck 2026-07-23; datagedreven NL-template met vijf eigen beeldassets desktop- en mobiele QA groen. Oude top-10-route wordt voor NL geconsolideerd
wat te doen in bangkok,"bangkok bezienswaardigheden,bezienswaardigheden bangkok,activiteiten bangkok,wat te doen in bangkok 3 dagen,wat te doen in bangkok met kinderen",subpillar,bangkok,bezienswaardigheden,/nl/city/bangkok/attractions/,city-bangkok-attractions,720,0,informational,implementing,DFS cluster live SERP echte PAA topconcurrenten rankings en backlinkcheck 2026-07-23; datagedreven NL-template met acht gebiedsgerichte keuzes driedaagse route eendagsplan vier eigen beeldassets en officiële bronnen. Oude NL top-10-route consolideert permanent en EN blijft onaangeraakt; desktop mobiele schema affiliate image en interne-link-QA groen
wat te doen in chiang mai,"chiang mai wat te doen,bezienswaardigheden chiang mai,chiang mai bezienswaardigheden,chiang mai activiteiten,wat is er te doen in chiang mai,sticky waterfall chiang mai",subpillar,chiang-mai,bezienswaardigheden,/nl/city/chiang-mai/attractions/,city-chiang-mai-attractions,720,0,informational,implementing,DFS cluster met 58 keywords drie live SERPs 15 echte PAA drie concurrentieparses rankings en backlinkcheck 2026-07-24; owner voor attractieselectie stads- en provincieroute. Datagedreven NL-template met acht keuzes driedaagse route eendagsplan vijf eigen beeldassets officiële bronnen en actuele dierenwelzijnscriteria; desktop mobiele schema affiliate image en interne-link-QA groen
weer chiang mai,"weer in chiang mai,chiang mai weer,het weer in chiang mai,chiang mai thailand weer,beste reistijd chiang mai,weer chiang mai 14 dagen",subpillar,chiang-mai,weer,/nl/city/chiang-mai/weather/,city-chiang-mai-weather,1000,0,informational,implementing,DFS cluster met 99 keywords drie live SERPs 15 echte PAA vier concurrentieparses rankings en backlinkcheck 2026-07-24; owner voor klimaat beste reistijd en weer per maand. Officiële TMD-normalen 1991–2020, live TMD-link, Air4Thai-context, bergmicroklimaat en drie eigen beeldassets; browser-QA loopt
krabi weer,"krabi thailand weer,weer krabi november,krabi weer december",subpillar,krabi,weer,/nl/city/krabi/weather/,city-krabi-weather,720,0,informational,implementing,DFS SERP/PAA vernieuwd 2026-07-23 met 6 letterlijke PAA-vragen; herbruikbaar weertemplate met officiële TMD-normalen 1991–2020, maandtabel, reisadvies en gesynchroniseerde FAQ gebouwd; desktop 1440 en mobiel 390 px browser-QA groen op 2026-07-24
bangkok weer,"bangkok het weer,weer bangkok,weer in bangkok,het weer in bangkok,bangkok thailand weer,beste reistijd bangkok,bangkok weer november,bangkok weer december",subpillar,bangkok,weer,/nl/city/bangkok/weather/,city-bangkok-weather,6600,0,informational,implementing,DFS cluster met 127 keywords live SERPs 12 echte PAA topconcurrenten rankings en backlinkcheck 2026-07-23; owner voor klimaat en beste reistijd met officiële TMD-normalen 1991–2020. Actueel weer wordt transparant naar TMD verwezen. Drie eigen assets stedelijke planning en Amazon-paklijst; desktop mobiele schema affiliate image maandroute en interne-link-QA groen
hotels bangkok,"bangkok hotel,hotel bangkok centrum,waar verblijven in bangkok,beste hotels bangkok,leukste wijk bangkok,hotel bangkok sukhumvit,boutique hotel bangkok",subpillar,bangkok,verblijf,/nl/best-hotels/bangkok/,best-hotels-bangkok,1600,0,commercial,implementing,DFS cluster met 52 keywords drie live SERPs 11 echte PAA vier concurrentieparses rankings en backlinkcheck 2026-07-23; owner voor wijkkeuze en representatieve hotelvoorbeelden. Zes wijken zeven eigen assets officiële transit- en hotelsources; desktop mobiele schema affiliate image en interne-link-QA groen. Luxury-subroute blijft eigenaar van luxe-intent
krabi waar verblijven,"waar verblijven in krabi,hotels krabi,krabi hotels",subpillar,krabi,verblijf,/nl/best-hotels/krabi/,best-hotels-krabi,20,,commercial,implementing,DFS cluster 2026-07-22 en live SERP/PAA 2026-07-23; eigenaar van gebieds- en hotelkeuze met locale-specifieke consolidatie; desktop 1440 en mobiel 390 px browser-QA groen op 2026-07-24
mooiste plekken thailand,"mooiste plekken in thailand,thailand mooiste plekken,hoogtepunten thailand,bestemmingen thailand,thailand bestemmingen",hub,thailand,bestemmingen,/nl/city/,destinations-index,480,0,informational,implementing,DFS cluster en live SERP/PAA 2026-07-23; inspiratiehub en keuzehulp per regio en reisstijl. Individuele bestemmingspagina's blijven eigenaar van lokale details
excursies thailand,"excursies in thailand,thailand excursies,tours thailand,dagtrips thailand",commercial-hub,thailand,excursies,/nl/activities/,activities-index,50,0,commercial,implementing,DFS cluster live SERP PAA concurrentieparse rankings en backlinkcheck 2026-07-23; commerciële keuze- en boekingshub met Klook primair. Informatieve zoektermen activiteiten Thailand en wat te doen in Thailand blijven eigendom van de redactionele route /nl/things-to-do-in-thailand/
vervoer thailand,"vervoer in thailand,openbaar vervoer thailand,thailand transport,trein thailand,bus thailand,ferry thailand",practical-hub,thailand,vervoer,/nl/transport/,transport-index,70,0,commercial,implementing,DFS clusters live SERP PAA top-drie concurrentieparse rankings en backlinkcheck 2026-07-23; keuze- en routehub met 12Go primair. Reizen door Thailand en reisroute Thailand blijven eigendom van itinerary- en routecontent
eerste keer thailand,"eerste keer naar thailand,thailand tips eerste keer,eerste reis thailand",editorial-guide,thailand,beginners,/nl/thailand-for-first-timers/,first-time-thailand,10,,informational,implementing,DFS clusters live SERP echte PAA top-drie concurrentieparse rankings en backlinkcheck 2026-07-23; gevestigde TOFU-route blijft eigenaar. De dubbele NL reisgidsroute redirect permanent en verdwijnt uit de sitemap. Brede Thailand reisgids- en tipstermen blijven bij de algemene pillar
krabi of phuket,"phuket of krabi,wat is leuker phuket of krabi,map of krabi and phuket",comparison,south-thailand,phuket-krabi,/nl/compare/phuket-vs-krabi/,compare-phuket-vs-krabi,50,0,informational,implementing,DFS cluster live SERP echte PAA topconcurrenten rankings en backlinkcheck 2026-07-23; enige indexeerbare NL-pilot in de retired comparison family. De overige automatisch gegenereerde vergelijkingen blijven noindex en buiten de sitemap
phuket weer,"weer in phuket,weer op phuket,weer phuket,het weer in phuket,phuket thailand weer,beste reistijd phuket,regenseizoen thailand phuket",subpillar,phuket,weer,/nl/city/phuket/weather/,city-phuket-weather,2400,0,informational,implementing,DFS clusters live SERP echte PAA topconcurrenten rankings en backlinkcheck 2026-07-23; pagina onderscheidt officiële klimaatnormalen van de actuele verwachting en verwijst voor live weer naar TMD
hotels phuket,"hotels in phuket thailand,phuket hotels,hotel phuket,best hotels phuket,waar verblijven phuket,hotels patong phuket,phuket resort",subpillar,phuket,verblijf,/nl/best-hotels/phuket/,best-hotels-phuket,720,0,commercial,implementing,DFS clusters live SERP echte PAA topconcurrenten rankings en backlinkcheck 2026-07-23; pagina bezit zowel gebiedskeuze als redactionele hotelvoorbeelden. De dubbele NL where-to-stay-hoofdroute redirect permanent; EN blijft onaangeroerd tot eigen research
hotels chiang mai,"chiang mai hotels,chiang mai thailand hotels,hotels in chiang mai thailand,waar verblijven in chiang mai,beste hotels chiang mai,boutique hotels chiang mai,hotels chiang mai old city",subpillar,chiang-mai,verblijf,/nl/best-hotels/chiang-mai/,best-hotels-chiang-mai,320,0,commercial,implementing,DFS clusters zeven live SERPs echte Nederlandse PAA vier concurrentieparses rankings en backlinkcheck 2026-07-24; owner-URL behouden. Datagedreven verblijfspillar met vijf wijken negen gecontroleerde hotelvoorbeelden zes eigen assets en expliciete straat rivier markt vliegtuig- en transferlogica
paklijst thailand,"thailand paklijst,paklijst backpacken thailand,backpacken thailand paklijst,paklijst thailand 3 weken,wat meenemen naar thailand,wat heb je nodig voor thailand,backpack of koffer thailand,paklijst thailand pdf",practical-commercial,thailand,paklijst,/nl/travel-gear/,travel-gear-thailand,210,0,informational,implementing,DFS cluster vijf live SERPs 28 echte PAA vier concurrentieparses rankings en backlinkcheck 2026-07-24; owner voor inpakken bagagekeuze handbagageregels route-extra's en contextuele Amazon-uitrusting. NL-template verwijdert onbewezen geteste claims vaste prijzen ratings en reviewaantallen; EN blijft onaangeroerd tot eigen research
is thailand duur,"hoe duur is thailand,dagbudget thailand,kosten thailand per dag,kosten thailand 3 weken,wat kost eten in thailand,wat kost een biertje in thailand",practical-commercial,thailand,budget,/nl/thailand-index/budget/,thailand-budget,170,0,informational,implementing,DFS cluster met vier keywordsets vijf live SERPs echte PAA vier concurrentieparses rankings en backlinkcheck 2026-07-24; interactieve NL-owner met reisduur groepsgrootte reisstijl regio-effect kostenverdeling buffer en drie eigen assets. Vier brede overlappende NL-routes redirecten permanent; EN blijft onaangeroerd tot eigen research
weer thailand,"thailand weer,weer in thailand,regenseizoen thailand,beste reistijd thailand,klimaat thailand,weer thailand per maand",hub,thailand,weer,/nl/weather/,thailand-weather-hub,4400,0,informational,implementing,DFS cluster met vier keywordsets vier live SERPs 24 echte PAA vijf concurrentieparses rankings en backlinkcheck 2026-07-24; bestaande owner behoudt 29 gemeten rankings en krijgt een interactieve maand-regiovergelijker met vier TMD-stations kustwissel maandspokes plan B en drie eigen assets. Drie brede overlappende NL-routes redirecten permanent; EN blijft onaangeroerd tot eigen research
is thailand veilig,"veiligheid thailand,thailand veiligheid,reizen naar thailand veilig,veilig reizen thailand,reisadvies thailand",practical-hub,thailand,veiligheid,/nl/is-thailand-safe/,thailand-safety,480,3,informational,implementing,DFS cluster met vier keywordsets vier live SERPs echte PAA vier concurrentieparses rankings en backlinkcheck 2026-07-24; owner gebruikt live overheidsadvies in plaats van een eigen veiligheidsscore en voegt vervoer scampatronen noodnummers interactieve vertrekcheck en drie eigen assets toe. Dubbele brede NL-routes consolideren; scams en solo-reizen blijven afzonderlijke spokes; EN blijft onaangeroerd
visum thailand,"thailand visum,thailand visum nodig,visum nodig thailand,visum nodig voor thailand,heb je een visum nodig voor thailand,inreisvoorwaarden thailand,hoe lang mag je in thailand blijven zonder visum,thailand zonder visum,visumvrij thailand",practical-hub,thailand,visum,/nl/visa/,thailand-visa,3600,0,informational,implementing,DFS cluster met 256 keywords plus twee specifieke visumvrij-clusters en live SERPs echte PAA vijf concurrentieparses rankings en backlinkchecks 2026-07-24; owner behoudt de bestaande hub-URL en maakt expliciet onderscheid tussen de huidige 60-dagenregel en de aangekondigde maar nog niet formeel ingevoerde 30-dagenwijziging. Interactieve reisduurkeuze documentenflow TDAC-samenvatting vier visumroutes en drie eigen assets; vier brede NL-blogs en de rankingloze /nl/visa/visa-free-entry/ consolideren; EN blijft onaangeroerd
tdac thailand,"tdac thailand invullen,tdac aanvragen,tdac thailand gratis,tdac thailand kosten,tdac thailand wanneer invullen,tdac formulier thailand",practical-spoke,thailand,tdac,/nl/visa/digital-arrival-card/,thailand-tdac,2900,0,navigational,implementing,DFS cluster met 29 keywords live SERP vijf echte PAA concurrentieparse rankings en backlinkcheck 2026-07-24; owner herbouwd met twee eigen assets interactieve 3-dagenberekening vijfstappenflow afvinkbare gegevensset groepen kinderen transit en correctiepad. Officiële gratis route domineert; dubbele NL-blog redirect; EN blijft onaangeroerd tot eigen research
dtv visa thailand,"destination thailand visa,dtv thailand,dtv visa thailand aanvragen,digital nomad visa thailand,thailand visa dtv,dtv visa thailand requirements",practical-spoke,thailand,dtv,/nl/visa/digital-nomad-visa/,thailand-dtv,260,19,navigational,implementing,DFS cluster met 82 keywords live SERP zes echte PAA drie concurrentieparses rankings en backlinkchecks 2026-07-24; owner herbouwd met twee eigen assets interactieve DTV1 DTV2 DTV3-routekeuze 5-jaar-versus-180-dagentijdlijn officiële bewijsmap Nederlandse aanvraagflow en actuele Haagse tariefbron. Brede NL-nomadenblog consolideert naar de lifestyle-index; EN blijft onaangeroerd
retirement visa thailand,"pensioenvisum thailand,pensioen visum thailand,thailand retirement visa,non immigrant o visa,non-o retirement thailand,o-a visa thailand,o-x visa thailand",practical-spoke,thailand,pensioenvisum,/nl/visa/retirement-visa/,thailand-retirement-visa,140,8,informational,implementing,DFS cluster live SERP zes echte PAA drie concurrentieparses rankings en backlinkchecks 2026-07-24; owner herbouwd met twee eigen assets interactieve Non-O O-A O-X-routekeuze bewijslogica visumdrempel-versus-leefbudget Nederlandse aanvraagflow en actuele Haagse categorie- en tariefbronnen. EN blijft onaangeroerd tot afzonderlijke research
toeristenvisum thailand,"thailand tourist visa,toeristen visa thailand,visum thailand 60 dagen,visum thailand 90 dagen,multiple entry visum thailand,e visa thailand aanvragen",practical-spoke,thailand,toeristenvisum,/nl/visa/tourist-visa/,thailand-tourist-visa,70,14,informational,implementing,DFS cluster met 83 keywords live SERP zes echte PAA drie concurrentieparses rankings en backlinkchecks 2026-07-24; owner herbouwd met twee eigen assets interactieve visumvrij single multiple-routekeuze geldigheid-versus-verblijf TR1-bewijsset Nederlandse aanvraagflow en actuele Haagse categorie- en tariefbronnen. Brede actuele visumstatus blijft eigendom van /nl/visa/ en verlengen van /nl/visa/visa-extension/; EN blijft onaangeroerd
visum thailand verlengen,"visum verlengen thailand,thailand visum verlengen,visumvrije entree thailand verlengen,tm7 thailand,visa extension thailand,visum thailand 90 dagen",practical-spoke,thailand,visumverlenging,/nl/visa/visa-extension/,thailand-visa-extension,30,0,informational,implementing,DFS cluster met 87 keywords live SERP vijf echte PAA drie concurrentieparses rankings en backlinkchecks 2026-07-24; owner herbouwd met twee eigen assets interactieve toerist DTV langverblijf grens-routekeuze stempel-first uitleg TM7-basisdossier e-Extension en expliciet onderscheid tussen verlenging en een nieuwe binnenkomst. EN blijft onaangeroerd
education visa thailand,"thailand education visa,studievisum thailand,ed visum thailand,taalcursus visum thailand,muay thai visum thailand",practical-spoke,thailand,studievisum,/nl/visa/education-visa/,thailand-education-visa,50,,informational,implementing,DFS drie keywordsets twee live SERPs echte PAA zes concurrentieparses rankings en backlinkchecks 2026-07-24; owner herbouwd met twee eigen assets interactieve ED-routekeuze TR3 versus ED3 versus DTV2 officiële bewijsafzenders Nederlandse aanvraagflow en publieke versus private verlengingslogica. EN blijft onaangeroerd
hotels in koh tao,"hotels koh tao,waar verblijven koh tao,koh tao resort,overnachten koh tao,beste hotels koh tao,sairee beach hotel,koh tao accommodatie",commercial-spoke,koh-tao,hotels,/nl/best-hotels/koh-tao/,koh-tao-hotels,320,0,commercial,implementing,DFS cluster met 145 records plus specifieke waar-verblijven-set twee live SERPs zes echte PAA drie concurrentieparses rankings en backlinkcheck 2026-07-24; owner vergelijkt zes zones op loopbaarheid hoogte ferry duiklogistiek en rust met zes officiële hotelvoorbeelden en drie nieuwe assets. NL-only tot afzonderlijke Engelse research
wat te doen op koh tao,"activiteiten koh tao,bezienswaardigheden koh tao,wat zien koh tao,koh tao tips,koh nang yuan,john suwan viewpoint,tanote bay",subpillar,koh-tao,activiteiten,/nl/islands/koh-tao/attractions/,koh-tao-attractions,70,0,informational,implementing,DFS cluster met 60 records drie live SERPs zestien echte PAA drie concurrentieparses rankings en backlinkcheck 2026-07-24; owner structureert acht activiteiten rond boot landroute zeecondities en driedaags ritme met drie nieuwe assets. Duiken en snorkelen worden afzonderlijke spokes; NL-only tot eigen Engelse research
duiken koh tao,"duiken in koh tao,koh tao duiken,duikschool koh tao,nederlandse duikschool koh tao,duikbrevet koh tao,leren duiken koh tao",subpillar,koh-tao,duiken,/nl/islands/koh-tao/diving/,koh-tao-diving,320,0,informational,implementing,DFS cluster met 73 records en 46 competitor domains; aanvullend duikbrevetcluster; drie live SERPs met zestien echte PAA; drie concurrentieparses en nul rankings of backlinks onderzocht 2026-07-24. NL-only specialistische owner gebouwd met neutrale cursus- en schoolkeuze PADI-SSI-context officiële veiligheidsbronnen drie eigen WebP-assets Klook-disclosure interne clusterlinks schema en desktop-mobile browser-QA; EN blijft 404 tot eigen research
koh tao snorkelen,"snorkelen koh tao,snorkelplekken koh tao,shark bay koh tao,tanote bay snorkelen,schildpadden koh tao",subpillar,koh-tao,snorkelen,/nl/islands/koh-tao/snorkeling/,koh-tao-snorkeling,170,0,informational,implementing,DFS cluster met 71 records en 50 competitor domains; drie live SERPs met zeventien echte PAA; drie concurrentieparses en nul rankings of backlinks onderzocht 2026-07-24. NL-only owner gebouwd met conditieslogica zes baai-profielen strand-bootkeuze verantwoordelijk wildlife drie eigen WebP-assets Klook plus Amazon-disclosures schema clusterlinks en desktop-mobile browser-QA; EN blijft 404 tot eigen research
mandarin oriental bangkok,"mandarin oriental hotel bangkok,mandarin oriental bangkok review,mandarin oriental bangkok locatie,mandarin oriental bangkok prijs",hotel-detail,bangkok,hotel-review,/nl/hotel/mandarin-oriental-bangkok/,hotel-mandarin-oriental-bangkok,590,,commercial,implementing,DFS familieaudit plus zelfstandige live SERP met acht organische resultaten en zes echte PAA 2026-07-24; behouden als een van vier NL hotel-detailowners. Nieuwe premium detailtemplate uniek sfeerbeeld rivierroute eerlijke trade-offs primaire hotelbronnen Trip.com-disclosure schema en desktop-mobile QA groen
tonsai bay resort krabi,"tonsai bay resort,tonsai beach hotel,tonsai krabi resort,tonsai bay resort review,tonsai bay resort bereikbaarheid",hotel-detail,krabi,hotel-review,/nl/hotel/tonsai-bay-resort/,hotel-tonsai-bay-resort,110,,commercial,implementing,DFS familieaudit plus zelfstandige live SERP met negen organische resultaten en drie echte PAA 2026-07-24; behouden als een van vier NL hotel-detailowners. Nieuwe premium detailtemplate uniek sfeerbeeld bootroute klimcontext eerlijke comfortchecks primaire hotelbronnen Trip.com-disclosure schema en desktop-mobile QA groen
centara grand beach resort villas krabi,"centara grand krabi,centara reserve krabi,centara grand beach resort krabi nieuwe naam,pai plong bay hotel",hotel-detail,krabi,hotel-review,/nl/hotel/centara-grand-beach-resort-villas-krabi/,hotel-centara-reserve-krabi,170,,commercial,implementing,DFS familieaudit plus zelfstandige live SERP met tien organische resultaten en drie echte PAA 2026-07-24; behouden als een van vier NL hotel-detailowners. Pagina corrigeert de rebranding naar Centara Reserve Krabi met factsheet uit 2026 uniek sfeerbeeld verouderde-reviewwaarschuwing Trip.com-disclosure schema en desktop-mobile QA groen
oasis koh chang,"oasis koh chang hotel,oasis koh chang lonely beach,oasis koh chang bungalows,oasis koh chang review",hotel-detail,koh-chang,hotel-review,/nl/hotel/oasis-koh-chang/,hotel-oasis-koh-chang,140,,commercial,implementing,DFS familieaudit plus zelfstandige live SERP met negen organische resultaten en zes echte PAA 2026-07-24; behouden als een van vier NL hotel-detailowners. Nieuwe premium detailtemplate uniek junglebeeld helling-en-ferryroute eerlijke geluidscontext primaire hotelbronnen Trip.com-disclosure schema en desktop-mobile QA groen
koh samet thailand,"koh samet,koh samet vakantie,koh samet stranden,is koh samet de moeite waard,hoeveel dagen koh samet,is koh samet druk,van bangkok naar koh samet",pillar,koh-samet,overzicht,/nl/islands/koh-samet/,island-koh-samet,2900,0,informational,implementing,DFS cluster met 19 keywordrecords 50 domeincompetitors live SERP vijf echte PAA drie concurrentieparses en familiebrede ranking- en backlinkaudit 2026-07-24; brede intentie geconsolideerd van oude Rayong-attractie via permanente redirect. Premium eilandowner met vier zones weekend-versus-weekdagkeuze driedaagse route Ban Phe-logica officiële TAT-bronnen en uniek hero-asset; desktop-mobile schema affiliate en image-QA groen
koh samui wat plai laem,"wat plai laem koh samui,wat plai laem,guanyin koh samui,18 arm buddha koh samui,wat plai laem dresscode",attraction-detail,koh-samui,tempel,/nl/city/koh-samui/attractions/wat-plai-laem/,attraction-wat-plai-laem,390,0,informational,implementing,DFS cluster met 59 records live SERP zes echte PAA concurrentieparse en familiebrede ranking- en backlinkaudit 2026-07-24; een van twee behouden NL-attractiedetailowners met premium template eigen tempelbeeld bezoekplan respectsectie Klook-disclosure en primaire broncontext; mobiele schema affiliate image en runtime-QA groen
blue temple chiang rai,"blauwe tempel chiang rai,wat rong suea ten,blue temple thailand,blue temple chiang rai dress code,is blue temple chiang rai worth visiting",attraction-detail,chiang-rai,tempel,/nl/city/chiang-rai/attractions/blue-temple/,attraction-blue-temple-chiang-rai,210,0,informational,implementing,DFS cluster met 43 records 50 domeincompetitors live SERP zes echte PAA drie concurrentiebronnen en familiebrede ranking- en backlinkaudit 2026-07-24; een van twee behouden NL-attractiedetailowners met premium template eigen blauw-goudbeeld bezoekplan respectsectie Klook-disclosure en officiële TAT-bron; desktop-mobile schema affiliate image en runtime-QA groen
el nino thailand 2026,"el nino thailand,hitte thailand reis,weer thailand 2026,el nino gevolgen thailand,regenseizoen thailand 2026",editorial-update,thailand,weer,/nl/blog/el-nino-2026-thailand-weather-heatwave-travel-tips/,blog-el-nino-thailand-2026,,,informational,implementing,GA4-retentiepagina met 22 weergaven 14 gebruikers en 24 seconden engagement; DFS exact cluster zonder meetbaar volume plus twee live SERPs twaalf echte PAA nul rankings en nul backlinks onderzocht 2026-07-24. Verouderde droge-moessonclaim vervangen door WMO-klimaatsignaal plus lokaal TMD-reisweer; premium climate-update-template twee unieke assets Plan A-B-C Amazon-disclosure primaire bronnen en desktop-mobile browser-QA groen
ayutthaya thailand,"ayutthaya in thailand,thailand ayutthaya,ayutthaya historical park thailand,ayutthaya bezienswaardigheden,ayutthaya vanuit bangkok,hoe lang ayutthaya,ayutthaya of sukhothai",pillar,ayutthaya,overzicht,/nl/city/ayutthaya/,city-ayutthaya,4400,0,informational,implementing,DFS cluster met 73 records 19 concurrentdomeinen live SERP zes echte PAA drie volledig geparseerde concurrenten vier bestaande rankings en nul backlinks onderzocht 2026-07-24; premium destination-owner met eiland-versus-rivierlus dagtrip-versus-overnachting vier routeblokken officiële UNESCO/TAT/SRT-bronnen drie nieuwe assets en desktop-mobile schema affiliate image en overflow-QA groen
chiang rai thailand,"chiang rai in thailand,thailand chiang rai,chiang rai wat te doen,is chiang rai de moeite waard,chiang mai of chiang rai,beste reistijd chiang rai,hoeveel dagen chiang rai",pillar,chiang-rai,overzicht,/nl/city/chiang-rai/,city-chiang-rai,2900,0,informational,implementing,DFS cluster met 191 records 50 competitor domains live SERP zes echte PAA drie volledig geparseerde concurrenten nul rankings en nul backlinks onderzocht 2026-07-24; premium destination-owner met stad-versus-provincie zuid-noord-bergroute Blue Temple intentiescheiding officiële TAT/TMD/AOT-bronnen drie nieuwe assets en desktop-mobile schema affiliate image en overflow-QA groen
pai thailand,"pai in thailand,pai northern thailand,pai canyon,is pai thailand de moeite waard,hoeveel dagen pai,wat te doen in pai,chiang mai naar pai,pai hot springs",pillar,pai,overzicht,/nl/city/pai/,city-pai,2400,0,informational,implementing,DFS cluster met 198 records 50 competitor domains live SERP vijf echte PAA drie volledig geparseerde concurrenten nul rankings en nul backlinks onderzocht 2026-07-24; premium destination-owner met centrum-zuid-noord-landelijk routes bochtige-wegkeuze canyonveiligheid officiële TAT/TMD/gemeentekaartbronnen drie nieuwe assets en responsive QA
pattaya thailand,"thailand pattaya,pattaya,pattaya bezienswaardigheden,wat te doen in pattaya,jomtien beach,pattaya walking street,hoeveel dagen pattaya,pattaya met gezin",pillar,pattaya,overzicht,/nl/city/pattaya/,city-pattaya,1300,0,informational,implementing,DFS cluster met 249 ruwe records 50 competitor domains live SERP zes echte PAA drie volledig geparseerde concurrenten drie bestaande rankings en nul backlinks onderzocht 2026-07-24; SERP-ruis rond Amsterdam en generieke boekingsmerken uitgesloten. Premium destination-owner met Central-Naklua-Jomtien-Pratumnak zones Koh Larn-intentiescheiding officiële TAT/TMD/Sanctuary-bronnen drie nieuwe assets en responsive QA
hua hin thailand,"hua hin in thailand,thailand hua hin,hua hin beach,is hua hin toeristisch,wat te doen in hua hin,hua hin of cha am,mooie stranden hua hin,hoeveel dagen hua hin",pillar,hua-hin,overzicht,/nl/city/hua-hin/,city-hua-hin,1000,0,informational,implementing,DFS cluster met 243 records 50 competitor domains live SERP vijf echte PAA drie volledig geparseerde concurrenten nul rankings en nul backlinks onderzocht 2026-07-24; premium destination-owner met centrum-resort-Nong Kae-Khao Takiab zones Hua Hin-versus-Cha-am scheiding Sam Roi Yot-route officiële TAT/TMD-bronnen drie nieuwe assets en responsive QA
chumphon thailand,"chumphon in thailand,chumphon province thailand,wat te doen in chumphon,is chumphon de moeite waard,waar staat chumphon om bekend,chumphon naar koh tao,chumphon bezienswaardigheden,hotels chumphon thailand",pillar,chumphon,overzicht,/nl/city/chumphon/,city-chumphon,880,0,informational,implementing,DFS cluster met 18 records 50 competitor domains live SERP vijf echte PAA drie hoogste organische parses plus één volwaardige gids nul rankings en nul backlinks onderzocht 2026-07-24; premium destination-owner met stad-strand-pier-intentiescheiding Thung Wua Laen Mu Ko Chumphon en Koh Tao-logistiek officiële TAT/TMD/Lomprayah/NederlandWereldwijd-bronnen drie nieuwe assets; desktop-mobile schema affiliate interne-link image overflow en responsive QA groen
rayong thailand,"thailand rayong,is rayong thailand leuk,is rayong de moeite waard,waar staat rayong om bekend,rayong kust,mae ramphueng,khao laem ya,ban phe,rayong fruit",pillar,rayong,overzicht,/nl/city/rayong/,city-rayong,720,7,informational,implemented,DFS cluster met 90 ruwe records 50 competitor domains live SERP vijf echte PAA nul rankings en nul backlinks onderzocht 2026-07-24; voetbal algemene Thailand en Koh Samet-ruis expliciet uitgesloten. Top drie organische resultaten via DFS geparseerd waarbij Tripadvisor dynamisch nul tekst gaf en aanvullend via live broninspectie plus Thailandblog en officiële TAT zijn gelezen. Premium owner met stad-Mae Ramphueng-Ban Phe-Mae Phim zones Koh Samet-intentiescheiding vier nieuwe assets en primaire bronnen; desktop-mobile schema affiliate interne-link image overflow en responsive QA groen
kanchanaburi thailand,"kanchanaburi in thailand,thailand kanchanaburi,kanchanaburi wat te doen,wat te doen in kanchanaburi,bangkok naar kanchanaburi,river kwai,erawan waterfall,hellfire pass,death railway",pillar,kanchanaburi,overzicht,/nl/city/kanchanaburi/,city-kanchanaburi,480,0,informational,implemented,DFS cluster met 99 ruwe records 50 competitor domains live SERP zes echte PAA nul rankings en nul backlinks onderzocht 2026-07-24; Chiang Mai nachttrein Ayutthaya hotels en generieke Thailand-ruis expliciet uitgesloten. Top drie organische resultaten via DFS volledig geparseerd plus officiële TAT SRT Hellfire Pass CWGC TMD en NederlandWereldwijd onderzocht. Premium owner met stad-Erawan-Sai Yok-Sangkhla Buri zones respectvolle herinneringsroute vijf nieuwe assets en actuele Myanmargrenscontext; 2033 gerenderde woorden en desktop-mobile schema affiliate interne-link image overflow en FAQ-QA groen
sukhothai thailand,"thailand sukhothai,hoeveel dagen sukhothai,wat te zien in sukhothai,sukhothai of ayutthaya,sukhothai historical park,old sukhothai,new sukhothai,wat si chum,si satchanalai",pillar,sukhothai,overzicht,/nl/city/sukhothai/,city-sukhothai,320,0,informational,implemented,DFS vergelijking met Lampang en Surat Thani plus Sukhothai-cluster met 36 ruwe records 50 competitor domains live SERP vijf exacte PAA nul rankings en nul backlinks onderzocht 2026-07-24; Nederlandse restaurantnaamruis expliciet uitgesloten. Top drie organische resultaten volledig geparseerd plus officiële UNESCO TAT Thailand.go.th Bangkok Airways DASTA TMD en NederlandWereldwijd-bronnen. Premium owner met Old-New-central-northwest-Si Satchanalai-scheiding vijf nieuwe plaatsgebonden assets en 2166 gerenderde woorden; desktop-mobile schema affiliate interne-link image overflow en FAQ-readability-QA groen
trang thailand,"trang in thailand,is trang leuk,is trang de moeite waard,wat te doen in trang thailand,trang eilanden,koh mook,koh kradan,koh libong,emerald cave trang,regenseizoen trang",pillar,trang,overzicht,/nl/city/trang/,city-trang,260,0,informational,implemented,DFS cluster met 151 ruwe records 50 competitor domains zeven live Nederlandse SERP's zeven echte locatie-PAA nul rankings en nul backlinks onderzocht 2026-07-24; Krabi Koh Lipe Nha Trang kaart luchthaven en generieke eilandruis uitgesloten. Vier Nederlandse concurrenten plus officiële TAT DMCR DNP Department of Airports SRT TMD en NederlandWereldwijd-bronnen onderzocht. Premium owner met Trang-stad-Kantang-kust-eiland-scheiding pier-vóór-eilandbeslissing ontbijt- en doejongcontext vijf nieuwe plaatsgebonden assets en 2685 gerenderde woorden; desktop schema affiliate interne-link image overflow en FAQ-readability-QA groen op gedeeld mobiel-gevalideerd destination-template
surat thani thailand,"surat thani in thailand,is surat thani leuk,is surat thani de moeite waard,wat te doen in surat thani,hoeveel dagen surat thani,surat thani naar koh samui,surat thani naar khao sok,surat thani airport,surat thani railway station,donsak ferry",pillar,surat-thani,overzicht,/nl/city/surat-thani/,city-surat-thani,480,0,informational,implemented,DFS cluster en zes live Nederlandse SERP's met zeven echte locatie- en route-PAA nul rankings en nul backlinks onderzocht 2026-07-24. Drie Nederlandse concurrenten plus officiële TAT Department of Airports SRT Seatran Raja Ferry TMD en NederlandWereldwijd-bronnen onderzocht. Premium owner met expliciete scheiding tussen Tapee-stad luchthaven Phunphin-station en Donsak-pier plus Bang Bai Mai Chaiya food- en routecontext vijf nieuwe plaatsgebonden assets en 2578 gerenderde woorden; desktop schema affiliate interne-link image overflow en FAQ-readability-QA groen op gedeeld mobiel-gevalideerd destination-template
hat yai thailand,"hat yai,hat yai songkhla thailand,is hat yai leuk,is hat yai een bezoek waard,wat te doen in hat yai,wat kopen in hat yai,hat yai naar songkhla,hat yai naar koh lipe,hat yai airport,hat yai junction,pak bara",pillar,hat-yai,overzicht,/nl/city/hat-yai/,city-hat-yai,210,2,informational,implemented,DFS cluster met 63 ruwe records 50 competitor domains zes live Nederlandse SERP's zeven echte locatie- en route-PAA nul rankings en nul backlinks onderzocht 2026-07-24; Den Haag-restaurant reisadvies visum en Koh Yao Yai-ruis uitgesloten. Drie Nederlandse concurrenten plus officiële TAT Hat Yai City Municipality AOT SRT TMD en NederlandWereldwijd-bronnen onderzocht. Premium owner met Kim Yong-centrum avondstad Municipal Park en Songkhla-zones plus expliciete Pak Bara/Koh Lipe-keten vijf nieuwe plaatsgebonden assets en 2504 gerenderde woorden; desktop schema affiliate interne-link image overflow en FAQ-readability-QA groen op gedeeld mobiel-gevalideerd destination-template
trat thailand,"trat in thailand,is trat de moeite waard,waar staat trat om bekend,trat stad,wat te doen in trat,trat naar koh chang,trat naar koh kood,trat busstation koh chang,laem sok,ban nam chiao,trat cambodja grens",pillar,trat,overzicht,/nl/city/trat/,city-trat,210,0,informational,implemented,DFS cluster met 86 ruwe records 50 competitor domains zeven live Nederlandse SERP's zeven echte locatie- route- en veiligheids-PAA nul rankings en nul backlinks onderzocht 2026-07-24; eiland luchthaven visum generieke Thailand en Chiang Mai-ruis uitgesloten. Vier Nederlandse concurrenten plus officiële TAT MICHELIN/TAT Boonsiri TMD en NederlandWereldwijd-bronnen onderzocht. Premium owner met expliciete stad-provincie-luchthaven-pier-eilandscheiding Rak Khlong Bang Phra Ban Nam Chiao Laem Ngop en afzonderlijke Koh Chang-versus-Koh Kood/Koh Mak-corridors vijf nieuwe plaatsgebonden assets en 2456 gerenderde woorden; desktop-mobile schema affiliate interne-link image overflow en FAQ-readability-QA groen
